{"cameraMode":{"drawMode":0,"name":"Shaded","section":"Shading Mode"},"sceneLighting":false,"audioPlay":false,"sceneViewState":{"showFog":false,"showMaterialUpdate":false,"showSkybox":false,"showFlares":false,"showImageEffects":false,"showParticleSystems":true},"in2DMode":false,"pivot":{"x":0.0,"y":0.7854821681976318,"z":-1.3485679626464844},"rotation":{"x":0.3679356873035431,"y":-0.05157032608985901,"z":0.020437873899936677,"w":0.9281951189041138},"size":8.912843704223633,"orthographic":false}