{"cameraMode":{"drawMode":0,"name":"Shaded","section":"Shading Mode"},"sceneLighting":false,"audioPlay":false,"sceneViewState":{"showFog":false,"showMaterialUpdate":false,"showSkybox":false,"showFlares":false,"showImageEffects":false,"showParticleSystems":true},"in2DMode":false,"pivot":{"x":0.0021565258502960207,"y":0.02796613797545433,"z":-0.0012115370482206345},"rotation":{"x":0.031868744641542438,"y":-0.9450840950012207,"z":0.3104642331600189,"w":0.09701810777187348},"size":0.3228840231895447,"orthographic":false}