{"cameraMode":{"drawMode":0,"name":"Shaded","section":"Shading Mode"},"sceneLighting":false,"audioPlay":false,"sceneViewState":{"showFog":false,"showMaterialUpdate":false,"showSkybox":false,"showFlares":false,"showImageEffects":false,"showParticleSystems":true},"in2DMode":false,"pivot":{"x":-0.0019553378224372865,"y":0.03519980609416962,"z":0.0006909575313329697},"rotation":{"x":-0.05378183349967003,"y":-0.6725652813911438,"z":0.04911434277892113,"w":-0.7364450097084045},"size":0.14330770075321198,"orthographic":false}