{"cameraMode":{"drawMode":0,"name":"Shaded","section":"Shading Mode"},"sceneLighting":false,"audioPlay":false,"sceneViewState":{"showFog":false,"showMaterialUpdate":false,"showSkybox":false,"showFlares":false,"showImageEffects":false,"showParticleSystems":true},"in2DMode":false,"pivot":{"x":-0.0004399530589580536,"y":0.019902123138308526,"z":-0.0009748004376888275},"rotation":{"x":0.5217326879501343,"y":-0.4713558256626129,"z":0.5580326318740845,"w":0.4407022297382355},"size":0.211447611451149,"orthographic":true}