{"cameraMode":{"drawMode":0,"name":"Shaded","section":"Shading Mode"},"sceneLighting":false,"audioPlay":false,"sceneViewState":{"showFog":false,"showMaterialUpdate":false,"showSkybox":false,"showFlares":false,"showImageEffects":false,"showParticleSystems":true},"in2DMode":false,"pivot":{"x":0.2008676528930664,"y":0.3036903738975525,"z":-0.09857380390167237},"rotation":{"x":0.06012638658285141,"y":0.5863064527511597,"z":-0.04369998350739479,"w":0.8066721558570862},"size":8.178760528564454,"orthographic":true}