{"cameraMode":{"drawMode":0,"name":"Shaded","section":"Shading Mode"},"sceneLighting":false,"audioPlay":false,"sceneViewState":{"showFog":false,"showMaterialUpdate":false,"showSkybox":false,"showFlares":false,"showImageEffects":false,"showParticleSystems":true},"in2DMode":false,"pivot":{"x":0.002459157258272171,"y":0.03144116699695587,"z":0.016599759459495546},"rotation":{"x":0.07342807203531265,"y":-0.15493662655353547,"z":0.011544889770448208,"w":0.9851242303848267},"size":0.15822277963161469,"orthographic":true}