{"cameraMode":{"drawMode":0,"name":"Shaded","section":"Shading Mode"},"sceneLighting":true,"audioPlay":false,"sceneViewState":{"showFog":false,"showMaterialUpdate":false,"showSkybox":false,"showFlares":false,"showImageEffects":false,"showParticleSystems":true},"in2DMode":false,"pivot":{"x":-7.11517333984375,"y":14.063800811767579,"z":-10.618834495544434},"rotation":{"x":0.1949189454317093,"y":-0.6744348406791687,"z":0.19167546927928925,"w":0.6858606934547424},"size":65.93025970458985,"orthographic":false}