{"cameraMode":{"drawMode":0,"name":"Shaded","section":"Shading Mode"},"sceneLighting":false,"audioPlay":false,"sceneViewState":{"showFog":false,"showMaterialUpdate":false,"showSkybox":false,"showFlares":false,"showImageEffects":false,"showParticleSystems":true},"in2DMode":false,"pivot":{"x":0.6150000095367432,"y":0.09476334601640701,"z":0.6880000233650208},"rotation":{"x":0.03737110644578934,"y":0.6697354316711426,"z":-0.03378214314579964,"w":0.7408890724182129},"size":0.6940555572509766,"orthographic":true}