{"cameraMode":{"drawMode":0,"name":"Shaded","section":"Shading Mode"},"sceneLighting":false,"audioPlay":false,"sceneViewState":{"showFog":false,"showMaterialUpdate":false,"showSkybox":false,"showFlares":false,"showImageEffects":false,"showParticleSystems":true},"in2DMode":false,"pivot":{"x":0.9980000257492065,"y":0.09476334601640701,"z":0.6880000233650208},"rotation":{"x":0.21666522324085236,"y":0.0029281831812113525,"z":-0.0006500121089629829,"w":0.976241409778595},"size":0.6940554976463318,"orthographic":true}